./20170602061002943.png:   PNG image data, 49 x 48, 8-bit grayscale, non-interlaced
./20170602061004424.png:   PNG image data, 14 x 18, 8-bit grayscale, non-interlaced
./20170602061007439.png:   PNG image data, 22 x 46, 8-bit grayscale, non-interlaced
./20170602061008966.png:   PNG image data, 47 x 42, 8-bit grayscale, non-interlaced
./20170602061008966b.png:  PNG image data, 34 x 36, 8-bit grayscale, non-interlaced
./20170602061008966c.png:  PNG image data, 26 x 32, 8-bit grayscale, non-interlaced
./20170602061016329c.png:  PNG image data, 21 x 21, 8-bit grayscale, non-interlaced
./20170602061017839.png:   PNG image data, 13 x 14, 8-bit grayscale, non-interlaced
./20170602061019343.png:   PNG image data, 27 x 25, 8-bit grayscale, non-interlaced
./20170602061020820.png:   PNG image data, 9 x 9, 8-bit grayscale, non-interlaced
./20170602061025163.png:   PNG image data, 27 x 27, 8-bit grayscale, non-interlaced
./20170602061025163b.png:  PNG image data, 19 x 19, 8-bit grayscale, non-interlaced
./20170602061025163c.png:  PNG image data, 13 x 13, 8-bit grayscale, non-interlaced
./20170602061026557.png:   PNG image data, 12 x 16, 8-bit grayscale, non-interlaced
./20170602061029600.png:   PNG image data, 28 x 27, 8-bit grayscale, non-interlaced
./20170602061029600b.png:  PNG image data, 18 x 18, 8-bit grayscale, non-interlaced
./20170602061029600c.png:  PNG image data, 17 x 16, 8-bit grayscale, non-interlaced
./20170602061031087.png:   PNG image data, 55 x 43, 8-bit grayscale, non-interlaced
./20170602061031087b.png:  PNG image data, 55 x 49, 8-bit grayscale, non-interlaced
./20170602061034135.png:   PNG image data, 17 x 19, 8-bit grayscale, non-interlaced
./20170602061034135b.png:  PNG image data, 21 x 18, 8-bit grayscale, non-interlaced
./20170602061036978.png:   PNG image data, 21 x 31, 8-bit grayscale, non-interlaced
./20170602061038415.png:   PNG image data, 57 x 56, 8-bit grayscale, non-interlaced
./20170602061045647.png:   PNG image data, 20 x 20, 8-bit grayscale, non-interlaced
./20170602061045647b.png:  PNG image data, 16 x 26, 8-bit grayscale, non-interlaced
./20170602061048534.png:   PNG image data, 36 x 33, 8-bit grayscale, non-interlaced
./20170602061052901.png:   PNG image data, 68 x 65, 8-bit grayscale, non-interlaced
./20170602061055444.png:   PNG image data, 26 x 26, 8-bit grayscale, non-interlaced
./20170602061056890.png:   PNG image data, 31 x 31, 8-bit grayscale, non-interlaced
./20170602061104344.png:   PNG image data, 40 x 42, 8-bit grayscale, non-interlaced
./20170602061104344b.png:  PNG image data, 18 x 15, 8-bit grayscale, non-interlaced
./20170602061105871.png:   PNG image data, 20 x 19, 8-bit grayscale, non-interlaced
./20170602061105871b.png:  PNG image data, 13 x 11, 8-bit grayscale, non-interlaced
./20170602061108829.png:   PNG image data, 15 x 18, 8-bit grayscale, non-interlaced
./20170602061117660.png:   PNG image data, 21 x 21, 8-bit grayscale, non-interlaced
./20170602061122127.png:   PNG image data, 16 x 14, 8-bit grayscale, non-interlaced
./20170602061123670.png:   PNG image data, 18 x 17, 8-bit grayscale, non-interlaced
./20170602061125140.png:   PNG image data, 33 x 33, 8-bit grayscale, non-interlaced
./20170602061125140b.png:  PNG image data, 33 x 32, 8-bit grayscale, non-interlaced
./20170602061126645.png:   PNG image data, 33 x 31, 8-bit grayscale, non-interlaced
./20170602061128128.png:   PNG image data, 28 x 25, 8-bit grayscale, non-interlaced
./20170602061128128b.png:  PNG image data, 18 x 19, 8-bit grayscale, non-interlaced
./20170602061137032.png:   PNG image data, 28 x 28, 8-bit grayscale, non-interlaced
./20170602061137032b.png:  PNG image data, 49 x 54, 8-bit grayscale, non-interlaced
./20170602061137032c.png:  PNG image data, 17 x 12, 8-bit grayscale, non-interlaced
./20170602061140028.png:   PNG image data, 35 x 34, 8-bit grayscale, non-interlaced
./20170602061143035.png:   PNG image data, 29 x 27, 8-bit grayscale, non-interlaced
./20170602061143035b.png:  PNG image data, 15 x 15, 8-bit grayscale, non-interlaced
./20170602061144555b.png:  PNG image data, 14 x 26, 8-bit grayscale, non-interlaced
./20170602061144555c.png:  PNG image data, 50 x 45, 8-bit grayscale, non-interlaced
./20170602061146045.png:   PNG image data, 27 x 26, 8-bit grayscale, non-interlaced
./20170602061147515.png:   PNG image data, 15 x 17, 8-bit grayscale, non-interlaced
./20170602061147515b.png:  PNG image data, 16 x 14, 8-bit grayscale, non-interlaced
./20170602061150411.png:   PNG image data, 20 x 19, 8-bit grayscale, non-interlaced
./20170602061157795.png:   PNG image data, 20 x 20, 8-bit grayscale, non-interlaced
./20170602061159353.png:   PNG image data, 31 x 19, 8-bit grayscale, non-interlaced
./20170602061200757.png:   PNG image data, 24 x 22, 8-bit grayscale, non-interlaced
./20170602061200757c.png:  PNG image data, 43 x 43, 8-bit grayscale, non-interlaced
./20170602061211271.png:   PNG image data, 25 x 25, 8-bit grayscale, non-interlaced
./20170602061212604.png:   PNG image data, 25 x 27, 8-bit grayscale, non-interlaced
./20170602061214079.png:   PNG image data, 12 x 11, 8-bit grayscale, non-interlaced
./20170602061218413.png:   PNG image data, 11 x 9, 8-bit grayscale, non-interlaced
./20170602061219899.png:   PNG image data, 40 x 42, 8-bit grayscale, non-interlaced
./20170602061219899b.png:  PNG image data, 21 x 12, 8-bit grayscale, non-interlaced
./20170602061230334.png:   PNG image data, 31 x 34, 8-bit grayscale, non-interlaced
./20170602061233357.png:   PNG image data, 20 x 21, 8-bit grayscale, non-interlaced
./20170602061237823.png:   PNG image data, 61 x 18, 8-bit grayscale, non-interlaced
./20170602061240808.png:   PNG image data, 24 x 24, 8-bit grayscale, non-interlaced
./20170602061242168.png:   PNG image data, 34 x 33, 8-bit grayscale, non-interlaced
./20170602061247907.png:   PNG image data, 13 x 14, 8-bit grayscale, non-interlaced
./20170602061305339.png:   PNG image data, 137 x 135, 8-bit grayscale, non-interlaced
./20170602061309845.png:   PNG image data, 25 x 20, 8-bit grayscale, non-interlaced
./20170602061317320.png:   PNG image data, 43 x 38, 8-bit grayscale, non-interlaced
./20170602061320306.png:   PNG image data, 26 x 26, 8-bit grayscale, non-interlaced
./20170602061324753.png:   PNG image data, 48 x 42, 8-bit grayscale, non-interlaced
./20170602061329107.png:   PNG image data, 24 x 27, 8-bit grayscale, non-interlaced
./20170602061339554.png:   PNG image data, 98 x 50, 8-bit grayscale, non-interlaced
./20170602061342600.png:   PNG image data, 21 x 20, 8-bit grayscale, non-interlaced
./20170602061345666.png:   PNG image data, 22 x 20, 8-bit grayscale, non-interlaced
./20170602061355883.png:   PNG image data, 26 x 46, 8-bit grayscale, non-interlaced
./20170602061357354.png:   PNG image data, 27 x 30, 8-bit grayscale, non-interlaced
./20170602061357354a.png:  PNG image data, 86 x 86, 8-bit grayscale, non-interlaced
./20170602061357354b.png:  PNG image data, 16 x 15, 8-bit grayscale, non-interlaced
./20170602061358728.png:   PNG image data, 21 x 20, 8-bit grayscale, non-interlaced
./20170602061400142.png:   PNG image data, 46 x 41, 8-bit grayscale, non-interlaced
./20170602061400142b.png:  PNG image data, 24 x 24, 8-bit grayscale, non-interlaced
./20170602061401679.png:   PNG image data, 30 x 52, 8-bit grayscale, non-interlaced
./20170602061403234.png:   PNG image data, 28 x 34, 8-bit grayscale, non-interlaced
./20170602061403234b.png:  PNG image data, 38 x 41, 8-bit grayscale, non-interlaced
./20170602061403234c.png:  PNG image data, 19 x 20, 8-bit grayscale, non-interlaced
./20170602061404748.png:   PNG image data, 30 x 26, 8-bit grayscale, non-interlaced
./20170602061406188.png:   PNG image data, 44 x 43, 8-bit grayscale, non-interlaced
./20170602061408389.png:   PNG image data, 75 x 77, 8-bit grayscale, non-interlaced
./20170602061411418.png:   PNG image data, 30 x 31, 8-bit grayscale, non-interlaced
./20170602061415898.png:   PNG image data, 10 x 16, 8-bit grayscale, non-interlaced
./20170602061420276.png:   PNG image data, 29 x 26, 8-bit grayscale, non-interlaced
./20170602061421800.png:   PNG image data, 36 x 34, 8-bit grayscale, non-interlaced
./20170602061423178.png:   PNG image data, 20 x 21, 8-bit grayscale, non-interlaced
./20170602061424469.png:   PNG image data, 23 x 27, 8-bit grayscale, non-interlaced
./20170602061426028.png:   PNG image data, 22 x 22, 8-bit grayscale, non-interlaced
./20170602061426028b.png:  PNG image data, 12 x 11, 8-bit grayscale, non-interlaced
./20170602061427516.png:   PNG image data, 36 x 36, 8-bit grayscale, non-interlaced
./20170602061427516b.png:  PNG image data, 32 x 29, 8-bit grayscale, non-interlaced
./20170602061427516c.png:  PNG image data, 13 x 15, 8-bit grayscale, non-interlaced
./20170602061435028.png:   PNG image data, 34 x 34, 8-bit grayscale, non-interlaced
./20170602061437923.png:   PNG image data, 38 x 38, 8-bit grayscale, non-interlaced
./20170602061439455.png:   PNG image data, 23 x 23, 8-bit grayscale, non-interlaced
./20170602061440987.png:   PNG image data, 137 x 112, 8-bit grayscale, non-interlaced
./20170602061442458.png:   PNG image data, 46 x 34, 8-bit grayscale, non-interlaced
./20170602061443906.png:   PNG image data, 24 x 26, 8-bit grayscale, non-interlaced
./20170602061443906b.png:  PNG image data, 34 x 34, 8-bit grayscale, non-interlaced
./20170602061445383.png:   PNG image data, 43 x 42, 8-bit grayscale, non-interlaced
./20170602061448294.png:   PNG image data, 32 x 28, 8-bit grayscale, non-interlaced
./20170602061449791b.png:  PNG image data, 31 x 29, 8-bit grayscale, non-interlaced
./20170602061451303.png:   PNG image data, 19 x 18, 8-bit grayscale, non-interlaced
./20170602061451303b.png:  PNG image data, 29 x 28, 8-bit grayscale, non-interlaced
./20170602061454171.png:   PNG image data, 15 x 13, 8-bit grayscale, non-interlaced
./20170602061455653.png:   PNG image data, 22 x 22, 8-bit grayscale, non-interlaced
./20170602061501589.png:   PNG image data, 17 x 17, 8-bit grayscale, non-interlaced
./20170602061503113.png:   PNG image data, 43 x 44, 8-bit grayscale, non-interlaced
./20170602061510413.png:   PNG image data, 26 x 25, 8-bit grayscale, non-interlaced
./20170602061514818.png:   PNG image data, 38 x 36, 8-bit grayscale, non-interlaced
./20170602061514818b.png:  PNG image data, 20 x 19, 8-bit grayscale, non-interlaced
./20170602061524706.png:   PNG image data, 35 x 39, 8-bit grayscale, non-interlaced
./20170602061526207.png:   PNG image data, 22 x 22, 8-bit grayscale, non-interlaced
./20170602061530760.png:   PNG image data, 40 x 35, 8-bit grayscale, non-interlaced
./20170602061538061.png:   PNG image data, 33 x 33, 8-bit grayscale, non-interlaced
./20170602061540969.png:   PNG image data, 30 x 29, 8-bit grayscale, non-interlaced
./20170602061542344.png:   PNG image data, 33 x 31, 8-bit grayscale, non-interlaced
./20170602061543732.png:   PNG image data, 31 x 29, 8-bit grayscale, non-interlaced
./20170602061548200.png:   PNG image data, 41 x 40, 8-bit grayscale, non-interlaced
./20170602061549660.png:   PNG image data, 31 x 32, 8-bit grayscale, non-interlaced
./20170602061549660b.png:  PNG image data, 25 x 24, 8-bit grayscale, non-interlaced
./20170602061554132.png:   PNG image data, 16 x 14, 8-bit grayscale, non-interlaced
./20170602061558636.png:   PNG image data, 20 x 19, 8-bit grayscale, non-interlaced
./20170602061600217.png:   PNG image data, 35 x 33, 8-bit grayscale, non-interlaced
./20170602061602990.png:   PNG image data, 57 x 56, 8-bit grayscale, non-interlaced
./20170602061607499.png:   PNG image data, 18 x 15, 8-bit grayscale, non-interlaced
./20170602061607499b.png:  PNG image data, 29 x 24, 8-bit grayscale, non-interlaced
./20170602061609015.png:   PNG image data, 58 x 47, 8-bit grayscale, non-interlaced
./20170602061610436.png:   PNG image data, 25 x 26, 8-bit grayscale, non-interlaced
./20170602061610436b.png:  PNG image data, 28 x 30, 8-bit grayscale, non-interlaced
./20170602061611880.png:   PNG image data, 24 x 23, 8-bit grayscale, non-interlaced
./20170602061614776.png:   PNG image data, 26 x 27, 8-bit grayscale, non-interlaced
./20170602061619049.png:   PNG image data, 48 x 45, 8-bit grayscale, non-interlaced
./20170602061619049b.png:  PNG image data, 79 x 51, 8-bit grayscale, non-interlaced
./20170602061623445.png:   PNG image data, 14 x 13, 8-bit grayscale, non-interlaced
./20170602061624930.png:   PNG image data, 21 x 26, 8-bit grayscale, non-interlaced
./20170602061626466.png:   PNG image data, 50 x 55, 8-bit grayscale, non-interlaced
./20170602061627901.png:   PNG image data, 33 x 32, 8-bit grayscale, non-interlaced
./20170602061627901b.png:  PNG image data, 58 x 56, 8-bit grayscale, non-interlaced
./20170602061629447.png:   PNG image data, 40 x 37, 8-bit grayscale, non-interlaced
./20170602061633712.png:   PNG image data, 32 x 35, 8-bit grayscale, non-interlaced
./20170602061635093.png:   PNG image data, 18 x 18, 8-bit grayscale, non-interlaced
./20170602061635093b.png:  PNG image data, 17 x 18, 8-bit grayscale, non-interlaced
./20170602061638118.png:   PNG image data, 21 x 20, 8-bit grayscale, non-interlaced
./20170602061639621.png:   PNG image data, 17 x 16, 8-bit grayscale, non-interlaced
./20170602061650200.png:   PNG image data, 28 x 27, 8-bit grayscale, non-interlaced
./20170602061659158.png:   PNG image data, 37 x 37, 8-bit grayscale, non-interlaced
./20170602061702173.png:   PNG image data, 27 x 27, 8-bit grayscale, non-interlaced
./20170602061705175.png:   PNG image data, 11 x 12, 8-bit grayscale, non-interlaced
./20170602061714135.png:   PNG image data, 30 x 32, 8-bit grayscale, non-interlaced
./20170602061714135b.png:  PNG image data, 17 x 18, 8-bit grayscale, non-interlaced
./20170602061716995.png:   PNG image data, 34 x 31, 8-bit grayscale, non-interlaced
./20170602061718533.png:   PNG image data, 58 x 58, 8-bit grayscale, non-interlaced
./20170602061718533b.png:  PNG image data, 15 x 18, 8-bit grayscale, non-interlaced
./20170602061725888.png:   PNG image data, 35 x 37, 8-bit grayscale, non-interlaced
./20170602061725888b.png:  PNG image data, 24 x 23, 8-bit grayscale, non-interlaced
./20170602061737864.png:   PNG image data, 21 x 22, 8-bit grayscale, non-interlaced
./20170602061739386.png:   PNG image data, 19 x 23, 8-bit grayscale, non-interlaced
./20170602061739386b.png:  PNG image data, 52 x 42, 8-bit grayscale, non-interlaced
./20170602061748197.png:   PNG image data, 68 x 70, 8-bit grayscale, non-interlaced
./20170602061752730.png:   PNG image data, 34 x 36, 8-bit grayscale, non-interlaced
./20170602061758651.png:   PNG image data, 56 x 33, 8-bit grayscale, non-interlaced
./20170602061802974.png:   PNG image data, 25 x 25, 8-bit grayscale, non-interlaced
./20170602061811695.png:   PNG image data, 31 x 27, 8-bit grayscale, non-interlaced
./20170602061811695b.png:  PNG image data, 26 x 26, 8-bit grayscale, non-interlaced
./20170602061813199.png:   PNG image data, 39 x 42, 8-bit grayscale, non-interlaced
./20170602061813199b.png:  PNG image data, 17 x 17, 8-bit grayscale, non-interlaced
./20170602061813199c.png:  PNG image data, 20 x 20, 8-bit grayscale, non-interlaced
./20170602061816167.png:   PNG image data, 21 x 20, 8-bit grayscale, non-interlaced
./20170602061819108.png:   PNG image data, 40 x 96, 8-bit grayscale, non-interlaced
./20170602061819108b.png:  PNG image data, 21 x 20, 8-bit grayscale, non-interlaced
./20170602061820605.png:   PNG image data, 20 x 17, 8-bit grayscale, non-interlaced
./20170602061827509.png:   PNG image data, 32 x 30, 8-bit grayscale, non-interlaced
./20170602061833454b.png:  PNG image data, 29 x 24, 8-bit grayscale, non-interlaced
./20170602061836463.png:   PNG image data, 32 x 34, 8-bit grayscale, non-interlaced
./20170602061842326.png:   PNG image data, 14 x 13, 8-bit grayscale, non-interlaced
./20170602061848212.png:   PNG image data, 29 x 28, 8-bit grayscale, non-interlaced
./20170602061848212b.png:  PNG image data, 11 x 11, 8-bit grayscale, non-interlaced
./20170602061852662.png:   PNG image data, 21 x 21, 8-bit grayscale, non-interlaced
./20170602061852662b.png:  PNG image data, 25 x 24, 8-bit grayscale, non-interlaced
./20170602061854136.png:   PNG image data, 84 x 79, 8-bit grayscale, non-interlaced
./20170602061855651.png:   PNG image data, 22 x 19, 8-bit grayscale, non-interlaced
./20170602061858574.png:   PNG image data, 14 x 12, 8-bit grayscale, non-interlaced
./20170602061904256.png:   PNG image data, 24 x 19, 8-bit grayscale, non-interlaced
./20170602061905707.png:   PNG image data, 26 x 25, 8-bit grayscale, non-interlaced
./20170602061908653.png:   PNG image data, 38 x 34, 8-bit grayscale, non-interlaced
./20170602061910042.png:   PNG image data, 30 x 27, 8-bit grayscale, non-interlaced
./20170602061915997.png:   PNG image data, 23 x 22, 8-bit grayscale, non-interlaced
./20170602061917322.png:   PNG image data, 36 x 42, 8-bit grayscale, non-interlaced
./20170602061918729.png:   PNG image data, 32 x 33, 8-bit grayscale, non-interlaced
./20170602061918729b.png:  PNG image data, 15 x 16, 8-bit grayscale, non-interlaced
./20170602061920223b.png:  PNG image data, 27 x 23, 8-bit grayscale, non-interlaced
./20170602061924538.png:   PNG image data, 21 x 18, 8-bit grayscale, non-interlaced
./20170602061927380.png:   PNG image data, 34 x 28, 8-bit grayscale, non-interlaced
./20170602061931654.png:   PNG image data, 21 x 20, 8-bit grayscale, non-interlaced
./20170602061931654c.png:  PNG image data, 33 x 32, 8-bit grayscale, non-interlaced
./20170602061933103.png:   PNG image data, 29 x 27, 8-bit grayscale, non-interlaced
./20170602061933103b.png:  PNG image data, 54 x 49, 8-bit grayscale, non-interlaced
./20170602061937591?.png:  PNG image data, 26 x 26, 8-bit grayscale, non-interlaced
./20170602061941904.png:   PNG image data, 25 x 27, 8-bit grayscale, non-interlaced
./20170602061943373.png:   PNG image data, 32 x 32, 8-bit grayscale, non-interlaced
./20170602061944864.png:   PNG image data, 63 x 58, 8-bit grayscale, non-interlaced
./20170602061947608.png:   PNG image data, 14 x 17, 8-bit grayscale, non-interlaced
./20170602061950468.png:   PNG image data, 33 x 33, 8-bit grayscale, non-interlaced
./20170602061950468b.png:  PNG image data, 45 x 46, 8-bit grayscale, non-interlaced
./20170602061953325.png:   PNG image data, 13 x 13, 8-bit grayscale, non-interlaced
./20170602061956353.png:   PNG image data, 32 x 40, 8-bit grayscale, non-interlaced
./20170602061956353b.png:  PNG image data, 17 x 18, 8-bit grayscale, non-interlaced
./20170602062000895.png:   PNG image data, 25 x 25, 8-bit grayscale, non-interlaced
./20170602062003859.png:   PNG image data, 47 x 44, 8-bit grayscale, non-interlaced
./20170602062003859b.png:  PNG image data, 61 x 64, 8-bit grayscale, non-interlaced
./20170602062003859c.png:  PNG image data, 19 x 18, 8-bit grayscale, non-interlaced
./20170602062003859d.png:  PNG image data, 46 x 45, 8-bit grayscale, non-interlaced
./20170602062008191.png:   PNG image data, 17 x 17, 8-bit grayscale, non-interlaced
./20170602062008191b.png:  PNG image data, 41 x 44, 8-bit grayscale, non-interlaced
./20170602062018310.png:   PNG image data, 19 x 17, 8-bit grayscale, non-interlaced
./20170602062021299.png:   PNG image data, 57 x 55, 8-bit grayscale, non-interlaced
./20170602062025525.png:   PNG image data, 30 x 31, 8-bit grayscale, non-interlaced
./20170602062026965.png:   PNG image data, 36 x 33, 8-bit grayscale, non-interlaced
./20170602062028074.png:   PNG image data, 31 x 25, 8-bit grayscale, non-interlaced
./20170602062029545.png:   PNG image data, 19 x 21, 8-bit grayscale, non-interlaced
./20170602062029545b.png:  PNG image data, 23 x 24, 8-bit grayscale, non-interlaced
./20170602062030833.png:   PNG image data, 27 x 23, 8-bit grayscale, non-interlaced
./20170602062033749.png:   PNG image data, 40 x 37, 8-bit grayscale, non-interlaced
./20170602062033749b.png:  PNG image data, 37 x 38, 8-bit grayscale, non-interlaced
./20170602062033749c.png:  PNG image data, 42 x 58, 8-bit grayscale, non-interlaced
./20170602062035204.png:   PNG image data, 49 x 44, 8-bit grayscale, non-interlaced
./20170602062035204b.png:  PNG image data, 29 x 28, 8-bit grayscale, non-interlaced
./20170602062035204c.png:  PNG image data, 17 x 17, 8-bit grayscale, non-interlaced
./20170602062036766.png:   PNG image data, 36 x 34, 8-bit grayscale, non-interlaced
./20170602062038200.png:   PNG image data, 48 x 43, 8-bit grayscale, non-interlaced
./20170602062041095.png:   PNG image data, 48 x 47, 8-bit grayscale, non-interlaced
./20170602062041095bb.png: PNG image data, 38 x 35, 8-bit grayscale, non-interlaced
./20170602062052754b.png:  PNG image data, 111 x 45, 8-bit grayscale, non-interlaced
./20170602062100129.png:   PNG image data, 34 x 33, 8-bit grayscale, non-interlaced
./20170602062100129c.png:  PNG image data, 52 x 50, 8-bit grayscale, non-interlaced
./20170602062106874.png:   PNG image data, 56 x 52, 8-bit grayscale, non-interlaced
./20170602062110468.png:   PNG image data, 29 x 29, 8-bit grayscale, non-interlaced
./20170602062111972.png:   PNG image data, 13 x 13, 8-bit grayscale, non-interlaced
./20170602062116427.png:   PNG image data, 38 x 39, 8-bit grayscale, non-interlaced
./20170602062119394.png:   PNG image data, 42 x 40, 8-bit grayscale, non-interlaced
./20170602062122329.png:   PNG image data, 31 x 30, 8-bit grayscale, non-interlaced
./20170602062137503.png:   PNG image data, 22 x 22, 8-bit grayscale, non-interlaced
./20170602062143371a.png:  PNG image data, 27 x 26, 8-bit grayscale, non-interlaced
./20170602062143371b.png:  PNG image data, 17 x 18, 8-bit grayscale, non-interlaced
./20170602062144781.png:   PNG image data, 47 x 46, 8-bit grayscale, non-interlaced
./20170602062201976.png:   PNG image data, 48 x 60, 8-bit grayscale, non-interlaced
./20170602062209288a.png:  PNG image data, 37 x 35, 8-bit grayscale, non-interlaced
./20170602062209288b.png:  PNG image data, 16 x 16, 8-bit grayscale, non-interlaced
./20170602062237045.png:   PNG image data, 34 x 31, 8-bit grayscale, non-interlaced
./20170602062241343.png:   PNG image data, 27 x 34, 8-bit grayscale, non-interlaced
./20170602062301635.png:   PNG image data, 37 x 40, 8-bit grayscale, non-interlaced
./20170602062317159.png:   PNG image data, 26 x 29, 8-bit grayscale, non-interlaced
./20170602062339282.png:   PNG image data, 26 x 23, 8-bit grayscale, non-interlaced
./20170602062356490.png:   PNG image data, 34 x 32, 8-bit grayscale, non-interlaced
./20170602062436613.png:   PNG image data, 37 x 36, 8-bit grayscale, non-interlaced
./20170602062442653.png:   PNG image data, 71 x 75, 8-bit grayscale, non-interlaced
./20170602062448618.png:   PNG image data, 35 x 34, 8-bit grayscale, non-interlaced
./20170602062454587.png:   PNG image data, 46 x 43, 8-bit grayscale, non-interlaced
./20170602062520889.png:   PNG image data, 86 x 66, 8-bit grayscale, non-interlaced
./20170602062528136.png:   PNG image data, 56 x 47, 8-bit grayscale, non-interlaced
./20170602062549266.png:   PNG image data, 37 x 33, 8-bit grayscale, non-interlaced
./20170602062613179.png:   PNG image data, 42 x 41, 8-bit grayscale, non-interlaced
./20170602062617767.png:   PNG image data, 31 x 32, 8-bit grayscale, non-interlaced
./20170602062635426.png:   PNG image data, 48 x 46, 8-bit grayscale, non-interlaced
./20170602062652702a.png:  PNG image data, 199 x 84, 8-bit grayscale, non-interlaced
./20170602062817326.png:   PNG image data, 68 x 83, 8-bit grayscale, non-interlaced
./20170602062826274.png:   PNG image data, 34 x 31, 8-bit grayscale, non-interlaced
./20170602062927185.png:   PNG image data, 33 x 29, 8-bit grayscale, non-interlaced
./20170602062928722.png:   PNG image data, 24 x 22, 8-bit grayscale, non-interlaced
./20170602062930053.png:   PNG image data, 32 x 30, 8-bit grayscale, non-interlaced
./20170602062939077.png:   PNG image data, 23 x 23, 8-bit grayscale, non-interlaced
./20170602062941868.png:   PNG image data, 30 x 30, 8-bit grayscale, non-interlaced
./20170602062943424.png:   PNG image data, 20 x 21, 8-bit grayscale, non-interlaced
./20170602063010511.png:   PNG image data, 45 x 44, 8-bit grayscale, non-interlaced
./20170602063047446.png:   PNG image data, 27 x 22, 8-bit grayscale, non-interlaced
./20170602063118564.png:   PNG image data, 43 x 68, 8-bit grayscale, non-interlaced
./20170602063153826.png:   PNG image data, 36 x 35, 8-bit grayscale, non-interlaced
./20170602063213128.png:   PNG image data, 25 x 25, 8-bit grayscale, non-interlaced
./20170602063235261.png:   PNG image data, 38 x 37, 8-bit grayscale, non-interlaced
./20170602063323620.png:   PNG image data, 28 x 24, 8-bit grayscale, non-interlaced
./20170602063334094.png:   PNG image data, 30 x 27, 8-bit grayscale, non-interlaced
./20170602063341594.png:   PNG image data, 16 x 15, 8-bit grayscale, non-interlaced
./20170602063343120.png:   PNG image data, 39 x 38, 8-bit grayscale, non-interlaced
./20170602063353024.png:   PNG image data, 33 x 29, 8-bit grayscale, non-interlaced
./20170602063423825.png:   PNG image data, 29 x 26, 8-bit grayscale, non-interlaced
./20170602063635036.png:   PNG image data, 19 x 20, 8-bit grayscale, non-interlaced
./20170602063650880.png:   PNG image data, 35 x 35, 8-bit grayscale, non-interlaced
./20170602063659367.png:   PNG image data, 45 x 41, 8-bit grayscale, non-interlaced
./20170602063702241.png:   PNG image data, 89 x 92, 8-bit grayscale, non-interlaced
./20170602063712554.png:   PNG image data, 29 x 35, 8-bit grayscale, non-interlaced
./20170602063814331.png:   PNG image data, 45 x 42, 8-bit grayscale, non-interlaced
./20170602063820240.png:   PNG image data, 15 x 11, 8-bit grayscale, non-interlaced
./20170602063829097.png:   PNG image data, 25 x 26, 8-bit grayscale, non-interlaced
./20170602064023885.png:   PNG image data, 22 x 25, 8-bit grayscale, non-interlaced
./20170602064036867.png:   PNG image data, 19 x 20, 8-bit grayscale, non-interlaced
./20170602064102916.png:   PNG image data, 31 x 30, 8-bit grayscale, non-interlaced
./20170602064110305.png:   PNG image data, 35 x 32, 8-bit grayscale, non-interlaced
./20170602064233009.png:   PNG image data, 20 x 21, 8-bit grayscale, non-interlaced
./20170602064234548.png:   PNG image data, 22 x 22, 8-bit grayscale, non-interlaced
./20170602064256536.png:   PNG image data, 46 x 21, 8-bit grayscale, non-interlaced
./20170602064309110.png:   PNG image data, 16 x 16, 8-bit grayscale, non-interlaced
./20170602064355598.png:   PNG image data, 38 x 38, 8-bit grayscale, non-interlaced
./20170602064400008.png:   PNG image data, 48 x 45, 8-bit grayscale, non-interlaced
./20170602064440444.png:   PNG image data, 31 x 30, 8-bit grayscale, non-interlaced
./20170602064453722.png:   PNG image data, 19 x 17, 8-bit grayscale, non-interlaced
./20170602064549740.png:   PNG image data, 25 x 25, 8-bit grayscale, non-interlaced
./20170602064616656.png:   PNG image data, 37 x 34, 8-bit grayscale, non-interlaced
./20170602064645052.png:   PNG image data, 15 x 14, 8-bit grayscale, non-interlaced
./20170602064800919.png:   PNG image data, 17 x 16, 8-bit grayscale, non-interlaced
./20170602064805428.png:   PNG image data, 54 x 54, 8-bit grayscale, non-interlaced
./20170602064848694.png:   PNG image data, 22 x 19, 8-bit grayscale, non-interlaced
./20170602064942972.png:   PNG image data, 21 x 20, 8-bit grayscale, non-interlaced
./20170602064945867.png:   PNG image data, 18 x 17, 8-bit grayscale, non-interlaced
./20170602065020396.png:   PNG image data, 33 x 32, 8-bit grayscale, non-interlaced
./20170602065121911.png:   PNG image data, 20 x 21, 8-bit grayscale, non-interlaced
./20170602065133985.png:   PNG image data, 23 x 23, 8-bit grayscale, non-interlaced
./20170602065159106.png:   PNG image data, 13 x 14, 8-bit grayscale, non-interlaced
./20170602065318558.png:   PNG image data, 36 x 35, 8-bit grayscale, non-interlaced
./20170602065341246.png:   PNG image data, 31 x 27, 8-bit grayscale, non-interlaced
./20170602065345768.png:   PNG image data, 46 x 46, 8-bit grayscale, non-interlaced
./20170602065450460.png:   PNG image data, 23 x 25, 8-bit grayscale, non-interlaced
./20170602065630184.png:   PNG image data, 19 x 19, 8-bit grayscale, non-interlaced
./20170602065720987.png:   PNG image data, 21 x 21, 8-bit grayscale, non-interlaced
./20170602065743589.png:   PNG image data, 13 x 15, 8-bit grayscale, non-interlaced
./20170602065852764.png:   PNG image data, 25 x 24, 8-bit grayscale, non-interlaced
./20170602065913504.png:   PNG image data, 28 x 26, 8-bit grayscale, non-interlaced
./20170602070246013.png:   PNG image data, 27 x 26, 8-bit grayscale, non-interlaced
./20170602070317064.png:   PNG image data, 20 x 20, 8-bit grayscale, non-interlaced
./20170602070722618.png:   PNG image data, 37 x 36, 8-bit grayscale, non-interlaced
./20170602070755205.png:   PNG image data, 26 x 25, 8-bit grayscale, non-interlaced
./20170602070818194.png:   PNG image data, 27 x 26, 8-bit grayscale, non-interlaced
./20170602070926762.png:   PNG image data, 16 x 17, 8-bit grayscale, non-interlaced
./20170602071407198.png:   PNG image data, 29 x 27, 8-bit grayscale, non-interlaced
./20170602071428003.png:   PNG image data, 33 x 33, 8-bit grayscale, non-interlaced
./20170602071730781.png:   PNG image data, 77 x 84, 8-bit grayscale, non-interlaced
./20170602071834718.png:   PNG image data, 37 x 39, 8-bit grayscale, non-interlaced
./20170602071846724.png:   PNG image data, 19 x 19, 8-bit grayscale, non-interlaced
./20170602071910619.png:   PNG image data, 35 x 35, 8-bit grayscale, non-interlaced
./20170602072227137.png:   PNG image data, 21 x 20, 8-bit grayscale, non-interlaced
./20170602072502126.png:   PNG image data, 38 x 37, 8-bit grayscale, non-interlaced
./20170602072659861.png:   PNG image data, 25 x 27, 8-bit grayscale, non-interlaced
./20170602073249028.png:   PNG image data, 18 x 16, 8-bit grayscale, non-interlaced
./20170602073308891.png:   PNG image data, 17 x 20, 8-bit grayscale, non-interlaced
./20170602073322005.png:   PNG image data, 27 x 26, 8-bit grayscale, non-interlaced
./20170602073329559.png:   PNG image data, 20 x 20, 8-bit grayscale, non-interlaced
./20170602073856624.png:   PNG image data, 23 x 22, 8-bit grayscale, non-interlaced
